Avaliacao,Sentimento
Uau ... Adorei esse lugar.,1
Crosta não é boa.,0
Não é saboroso e a textura era apenas desagradável.,0
Guerra da Independência parou durante o final de maio férias bancárias off Rick Steve recomendação e adorei.,1
A seleção no menu foi excelente e assim foram os preços.,1
Agora estou ficando com raiva e quero meu maldito Pho.,0
Honeslty não tinha um sabor tão fresco.),0
"As batatas eram como borracha e você poderia dizer que elas foram feitas antes do tempo, sendo mantidas sob um aquecedor.",0
As batatas fritas também foram excelentes.,1
Um ótimo toque.,1
O serviço foi muito rápido.,1
Não voltaria.,0
"O caixa não se importava com o que eu tinha a dizer, ainda assim, acabou sendo muito caro.",0
"Eu tentei o ravoli de Cape Cod, frango, com cranberry ... mmmm!",1
Eu estava com nojo porque tinha certeza de que eram cabelos humanos.,0
Fiquei chocado porque nenhum sinal indica apenas dinheiro.,0
Altamente recomendado.,1
Garçonete foi um pouco lento no serviço.,0
"Este lugar não vale o seu tempo, muito menos Vegas.",0
não gostou nada.,0
O Burrittos Blah!,0
"A comida, incrível.",1
Serviço também é engraçado.,1
Eu poderia me importar menos ... O interior é simplesmente bonito.,1
Então eles se apresentaram.,1
É isso mesmo .... o bolo de veludo vermelho ... ohhh esse material é tão bom.,1
#NAME?,0
Esse buraco na parede tem ótimas tacos de rua mexicanas e funcionários simpáticos.,1
"Demorou uma hora para obter nossa comida apenas 4 mesas no restaurante minha comida era Luke quente, nosso sever estava correndo como se estivesse totalmente sobrecarregado.",0
O pior foi o sashimi de salmão.,0
"Também existem combos como hambúrguer, batatas fritas e cerveja por 23, o que é um negócio decente.",1
Foi como o golpe final!,0
Encontrei este lugar por acidente e não poderia estar mais feliz.,1
"parece um bom lugar rápido para comer alguma comida familiar de pub, mas faça um favor a si mesmo e procure outro lugar.",0
"No geral, eu gosto muito deste lugar.",1
A única qualidade redentora do restaurante era que era muito barato.,1
Porções amplas e bons preços.,1
"Mau atendimento, o garçom me fez sentir como se eu fosse estúpido toda vez que ele veio à mesa.",0
Minha primeira visita a Hiro foi uma delícia!,1
Serviço é uma merda.,0
O camarão macio e úmido.,1
Não existe um acordo suficientemente bom que me leve a esse estabelecimento novamente.,0
"Difícil julgar se esses lados eram bons, porque estávamos enojados com o isopor derretido e não queríamos comê-lo por medo de ficar doente.",0
"Em uma nota positiva, o nosso servidor foi muito atencioso e prestou um ótimo serviço.",1
"Discos de nojo congelados, com algumas das piores pessoas por trás do registro.",0
A única coisa que eu gostei foi a costela e a seção de sobremesas.,1
É uma pena que a comida seja tão genérica.,0
"O hambúrguer é boa carne, cozido apenas à direita.",1
Se você quiser um sanduíche basta ir a qualquer Firehouse !!!!!,1
"O meu lado salada grega com o molho grego foi tão saboroso, eo pita e hummus foi muito refrescante.",1
Pedimos o pato raro e era rosa e macio por dentro com um char agradável por fora.,1
Ele veio correndo atrás de nós quando percebeu que meu marido havia deixado seus óculos de sol em cima da mesa.,1
A comida deles é tão boa!,1
Eles têm atitudes horríveis em relação aos clientes e conversam com eles quando não apreciam a comida.,0
A porção era enorme!,1
"Adorei ... servidores amigáveis, ótima comida, menu maravilhoso e imaginativo.",1
"O Heart Attack Grill, no centro de Vegas, é uma desculpa absolutamente simples para um restaurante.",0
Não muito frutos do mar e como 5 cordas de massas na parte inferior.,0
"A salada tinha apenas a quantidade certa de molho para não sobrecarregar a vieira, que estava perfeitamente cozida.",1
"A banana rasgada não era apenas rasgada, mas também petrificada e sem gosto.",0
Pelo menos pense em encher minha água antes que eu lute para acenar por 10 minutos.,0
Este lugar recebe estrelas por seus APETIZADORES !!!,1
Os coquetéis são todos feitos à mão e deliciosos.,1
Definitivamente voltaríamos aqui novamente.,1
Estamos tão felizes por termos encontrado este lugar.,1
"Excelente comida e serviço, grandes porções e eles dão um desconto militar.",1
Sempre um ótimo tempo no Dos Gringos!,1
Update ..... voltou pela segunda vez e ainda era incrível,1
"Temos a comida e, aparentemente, eles nunca ouviram falar de sal e a massa sobre o peixe era mastigável.",0
Uma ótima maneira de terminar um ótimo.,1
"O acordo incluiu 5 degustações e 2 bebidas, e Jeff foi além do que esperávamos.",1
#NAME?,1
O serviço foi meh.,0
"Demorou mais de 30 minutos para obter o milk-shake, que não passava de leite com chocolate.",0
"Acho que deveria saber que esse lugar seria péssimo, porque fica dentro do Excalibur, mas não usei meu bom senso.",0
O prato de vieiras é bastante assustador para o valor também.,0
2 vezes - Muito mau serviço ao cliente!,0
As batatas fritas de batata doce eram muito boas e temperadas bem.,1
Hoje é a segunda vez que estive no buffet de almoço e foi muito bom.,1
Há tanta comida boa em Las Vegas que me sinto enganada por desperdiçar uma oportunidade de comer indo à Rice and Company.,0
"Vir aqui é como experimentar um relacionamento avassalador, em que ambas as partes não podem esperar que a outra pessoa peça para terminar.",0
entrou e o lugar cheirava a uma velha armadilha de gordura e apenas 2 outras pessoas lá comendo.,0
A Turquia e carne assada foram sem graça.,0
Este lugar tem!,1
As panquecas que todo mundo está adorando são como um desastre açucarado feito sob medida para o paladar de uma criança de seis anos.,0
"Eu amo o Pho e os rolinhos primavera, oh, tão gostoso que você tem que tentar.",1
A fraca relação massa / carne fez com que as propostas de frango fossem muito insatisfatórias.,0
Tudo o que tenho a dizer é que a comida era incrível !!!,1
Omeletes são de morrer!,1
Tudo estava fresco e delicioso!,1
"Em resumo, esta foi uma experiência decepcionante para refeições.",0
"É como uma festa muito sexy na sua boca, onde você está escandalosamente flertando com a pessoa mais gostosa da festa.",1
"Nunca esteve no Hard Rock Casino antes, NUNCA PASSARÁ EM FRENTE!",0
Melhor buffet de café-da-manhã !!!,1
diga adeus a sua dica senhora!,0
Nós nunca iremos novamente.,0
Estará de volta!,1
Comida chegou rapidamente!,1
Não foi bom.,0
"No lado positivo, o café serve realmente boa comida.",1
"O nosso servidor foi fantástico e quando ele descobriu que a esposa ama alho assado e medula óssea, ele acrescentou mais à nossa refeição e outra medula para ir!",1
"A única coisa boa foi o nosso garçom, ele foi muito útil e manteve a vinda de Maria desonesta.",1
"Melhor buffet da cidade, pelo preço que você não pode vencê-lo.",1
"Eu amei seus mexilhões cozidos nesta redução de vinho, o pato estava macio, e seus pratos de batata estavam deliciosos.",1
Este é um dos melhores buffets que já estive.,1
Então fomos a Tigerlilly e tivemos uma tarde fantástica!,1
"A comida era deliciosa, o nosso barman foi atencioso e gentil, e conseguimos um ótimo negócio!",1
O ambiente é maravilhoso e há música tocando.,1
Irá voltar na próxima viagem.,1
Tããããão bom !!,1
"Amantes de sushi de verdade, vamos ser honestos - Yama não é tão bom.",0
"Pelo menos 40 minutos se passaram entre nós pedir e a comida chegar, e não foi tão ocupado.",0
Este é realmente um restaurante tailandês fantástico que definitivamente merece uma visita.,1
"Bom, picante e macio.",1
Bons preços.,1
Confira.,1
Foi bastante nojento!,0
Eu tive uma atmosfera melhor.,0
"É difícil estragar um bife, mas eles fizeram.",0
"Embora eu tenha gostado muito da aparência e do som deste lugar, a experiência real foi um pouco decepcionante.",0
Só não sei como esse lugar serviu a comida mais branda que já comi quando eles preparavam culinária indiana.,0
"O pior serviço para inicializar, mas essa é a menor das preocupações.",0
O serviço foi bom ea garçonete foi amigável.,1
"Todos os caras tinham bifes, e nosso filho que gostava de bife, que teve bife nos melhores e piores lugares, disse que foi o melhor bife que ele já comeu.",1
"Nós pensamos que você teria que se aventurar mais longe para obter um bom sushi, mas este lugar realmente atingiu o ponto naquela noite.",1
"A equipe anfitriã foi, por falta de uma palavra melhor, CADELAS!",0
Sem graça ... Não gosto deste lugar por várias razões e não quero perder tempo com críticas ruins ... vou deixar assim ...,0
"Fenomenal comida, serviço e ambiente.",1
Eu não voltaria.,0
"Definitivamente vale a pena se aventurar fora da faixa para a barriga de porco, voltará na próxima vez que estiver em Las Vegas.",1
Este lugar é muito caro para comida medíocre.,0
Penne vodka excelente!,1
"Eles têm uma boa seleção de alimentos, incluindo um enorme sanduíche de bolo de carne, um envoltório de frango crocante, um delicioso molho de atum e alguns hambúrgueres saborosos.",1
A gerência é rude.,0
"Deliciosos bagels de Nova York, boas opções de cream cheese, Lox de verdade com alcaparras.",1
"Ótimo metrô, na verdade é tão bom quando você vem para cá, todos os outros metrôs não atendem às suas expectativas.",1
Tomei um café da manhã muito sólido aqui.,1
Este é um dos melhores bares com comida de Las Vegas.,1
"Ele foi extremamente rude e realmente, existem muitos outros restaurantes que eu adoraria jantar durante um fim de semana em Las Vegas.",0
Minha bebida nunca estava vazia e ele fez algumas ótimas sugestões de menu.,1
Não faça isso !!!!,0
O garçom não foi útil ou amigável e raramente verificado em nós.,0
Meu marido e eu almoçamos aqui e ficamos muito decepcionados com a comida e serviço.,0
E o curry vermelho tinha tantos brotos de bambu e não era muito saboroso para mim.,0
"Bom cobertor de moz por cima, mas eu sinto que isso foi feito para encobrir a comida subpar.",1
Os banheiros são limpos e o local em si é bem decorado.,1
"O menu está sempre mudando, a qualidade da comida está diminuindo e o serviço é extremamente lento.",0
"O serviço foi um pouco lento, considerando que foram servidos por servidores de 3 pessoas, então a comida estava chegando em um ritmo lento.",0
Eu dou 2 polegares para baixo,0
Vimos nosso garçom prestar muito mais atenção a outras mesas e nos ignorar.,0
Meu noivo e eu chegamos no meio do dia e fomos recebidos e sentados imediatamente.,1
Este é um ótimo restaurante na Baía de Mandalay.,1
Esperamos por quarenta e cinco minutos em vão.,0
Crostini que veio com a salada era obsoleto.,0
Alguns destaques: nigiri de ótima qualidade aqui!,1
a equipe é amistosa e a equipe está sempre limpa.,1
"esse foi um corte diferente do que a peça no outro dia, mas ainda é maravilhoso e macio, além de saboroso.",1
Eu pedi a massa Voodoo e foi a primeira vez que comi massas realmente excelentes desde que fiquei sem glúten há vários anos.,1
esse lugar é bom,1
"Infelizmente, devemos ter atingido a padaria no dia restante, porque tudo o que pedimos foi STALE.",0
Voltei hoje desde que eles se mudaram e ainda não ficaram impressionados.,0
Eu estava sentado imediatamente.,1
Seu menu é diversificado e com preços razoáveis.,1
Evite a todo custo!,0
"Restaurante está sempre cheio, mas nunca uma espera.",1
DELICIOSO!!,1
Este lugar é sem dúvida um dos melhores lugares para comer na área metropolitana de Phoenix.,1
"Portanto, não vá lá se você estiver procurando por boa comida ...",0
Eu nunca fui tratado tão mal.,0
Bacon é hella salgado.,1
Também pedimos a salada de espinafre e abacate; os ingredientes estavam tristes e o molho literalmente não tinha gosto.,0
"Realmente é assim que costumava ser a gastronomia de Las Vegas, até os menus entregues às mulheres que não têm preços listados.",1
As garçonetes são muito amigáveis.,1
"Lordy, o Khao Soi é um prato que não deve ser desperdiçado pelos amantes de curry!",1
Tudo no menu é fantástico e também ficamos emocionados que eles fizeram acomodações incríveis para a nossa filha vegetariana.,1
"Talvez eu os tenha pego em uma noite de folga a julgar pelos outros comentários, mas não estou inspirado a voltar.",0
O serviço aqui deixa muito a desejar.,0
"A atmosfera é moderna e moderna, mantendo um toque de aconchego.",1
"Não é uma atração semanal, mas definitivamente um lugar para voltar de vez em quando.",1
Nós literalmente sentamos lá por 20 minutos com ninguém pedindo para fazer nosso pedido.,0
"O hambúrguer não tinha absolutamente nenhum sabor - a carne em si era totalmente sem graça, o hambúrguer estava cozido demais e não havia sabor a carvão.",0
"Também decidi não devolvê-lo, porque nossa garçonete parecia estar prestes a sofrer um ataque cardíaco.",0
Vesti-me para ser tratado com tanta grosseria!,0
Provavelmente era sujeira.,0
"Amo este lugar, atinge o ponto quando eu quero algo saudável, mas sem falta de quantidade ou sabor.",1
Eu pedi o coquetel de gelo de framboesa de limão que também foi incrível.,1
"A comida era uma merda, o que esperávamos, mas era mais do que imaginávamos.",0
Decoração interessante.,1
O que eu realmente gosto lá é a estação de crepe.,1
"Também foram servidos pão quente e manteiga, e batatas fritas caseiras com pedaços de bacon no topo ... muito original e muito bom.",1
você pode vê-los preparando a comida deliciosa!),1
Ambos os rolos de ovos foram fantásticos.,1
"Quando meu pedido chegou, um dos giroscópios estava faltando.",0
Tomei uma salada com as asas e um pouco de sorvete para a sobremesa e saí sentindo-me bastante satisfeito.,1
Não tenho muita certeza de como o Joey's foi eleito o melhor cachorro-quente do Vale pelos leitores da Phoenix Magazine.,0
O melhor lugar para uma saborosa tigela de Pho!,1
A música ao vivo às sextas-feiras sopra totalmente.,0
Eu nunca fui tão insultado ou me senti desrespeitado.,0
Equipe muito simpática.,1
Vale a pena a unidade.,1
"Eu tinha ouvido coisas boas sobre esse lugar, mas superava todas as esperanças que eu poderia ter sonhado.",1
Comida era ótima e por isso foi o serviço!,1
A cerveja quente não ajudou.,0
Ótimo local para brunch.,1
O serviço é amigável e convidativo.,1
Muito bom local para almoço.,1
Eu moro aqui desde 1979 e essa foi a primeira (e última) vez que pisei neste lugar.,0
A PIOR EXPERIÊNCIA DE SEMPRE.,0
Deve ter sido uma noite de folga neste lugar.,0
"Os lados são deliciosos - cogumelos misturados, purê de ouro yukon, milho branco - agradável.",1
"Se esse inseto nunca aparecesse, eu teria dado um 4 com certeza, mas do outro lado da parede onde esse inseto estava subindo era a cozinha.",0
"Por cerca de 10 minutos, estamos esperando a salada dela quando percebemos que ela não chegaria tão cedo.",0
O meu amigo amou o tártaro de salmão.,1
Não vou voltar.,0
Extremamente saboroso!,1
Garçonete foi bom!,1
Encharcado e não é bom.,0
Os mojitos jamaicanos são deliciosos.,1
Que são pequenos e não valem o preço.,0
#NAME?,1
"A área do chuveiro fica do lado de fora, para que você possa enxaguar apenas e não tomar um banho completo, a menos que não se importe em ficar nu para todo mundo ver!",0
O serviço estava um pouco ausente.,0
"Bisque de lagosta, couve-de-bussell, risoto, filé TODOS precisavam de sal e pimenta ... e, é claro, não há nada nas mesas.",0
Espero que isso seja um presságio para que eles saiam do negócio e que alguém que possa cozinhar possa entrar.,0
"Estava frio demais, sem sabor suficiente ou ruim.",0
Eu amei o bacon embrulhado datas.,1
Esta é uma pechincha inacreditável!,1
O pessoal da Otto sempre nos faz sentir muito bem-vindos e especiais.,1
"Quanto aos ""canos principais"", também sem inspiração.",0
Este é o lugar onde eu tive Pho e foi incrível !!,1
Esta experiência maravilhosa fez deste lugar uma parada obrigatória sempre que estamos na cidade novamente.,1
"Se a comida não for ruim o suficiente para você, aproveite para lidar com as pessoas mais bêbadas e chatas do mundo.",0
"Chef muito, muito divertido.",1
"Pedi um cheeseburger duplo e consegui uma empada que estava caindo aos pedaços (foto carregada) Sim, ainda é uma merda.",0
"Ótimo lugar para tomar um drinque e assistir a todos e quaisquer eventos esportivos, pois as paredes são cobertas com TVs.",1
"Se fosse possível lhes dar zero estrelas, eles teriam.",0
"As descrições diziam ""molho yum yum"" e outro dizia ""molho de enguia"", e outro dizia ""maionese picante"" ... bem, NENHUM dos rolos tinha molhos.",0
"Eu diria que essa seria a decisão mais difícil ... Honestamente, todos os pratos de M têm um gosto de como devem (incrível).",1
"Se ela não revirou os olhos, podemos ter ficado ... Não tenho certeza se voltaremos e tentaremos novamente.",0
"Todo mundo está muito atento, oferecendo excelente serviço ao cliente.",1
Horrível - não perca tempo e dinheiro.,0
"Agora, este prato era bastante saboroso.",1
"A essa altura, nosso lado do restaurante estava quase vazio, então não havia desculpa.",0
"(Também não estava ocupado). Além disso, o prédio estava congelando.",0
"como o outro usuário disse: ""você não poderia me pagar para comer neste lugar novamente"".",0
-Bebidas levaram quase 30 minutos para sair em um ponto.,0
"Seriamente deliciosas delícias, pessoal.",1
Muito melhor do que o outro lugar de sushi da AYCE em que fui a Las Vegas.,1
A iluminação é escura o suficiente para definir o clima.,1
"Com base no serviço sub-par que recebi e sem nenhum esforço para mostrar sua gratidão pelos meus negócios, não voltarei.",0
Proprietário são realmente ótimas pessoas.!,1
Não há nada privilegiado em trabalhar / comer lá.,0
O molho grego era muito cremoso e saboroso.,1
"No geral, não acho que levaria meus pais a esse lugar novamente, porque eles fizeram a maioria das reclamações semelhantes que também senti silenciosamente.",0
"Agora a pizza em si era boa, o molho de amendoim estava muito saboroso.",1
Tivemos 7 na nossa mesa e o serviço foi bastante rápido.,1
Serviço fantástico aqui.,1
"Eu também teria dado aos padrinhos zero estrelas, se possível.",0
Eles sabem como fazê-los aqui.,1
muito resistente e com muito pouco sabor!,0
Espero que este lugar fique por aqui.,1
Estive em mais de alguns bares em Las Vegas e nunca me lembro de ter sido cobrado pela água da torneira.,0
A atmosfera do restaurante era requintada.,1
"Bom serviço, muito limpo e barato, para arrancar!",1
Os frutos do mar estavam frescos e generosos em porção.,1
"Além disso, são apenas 8 dólares.",1
O serviço também não estava à altura.,0
"Até agora, só visitei duas vezes e a comida era absolutamente deliciosa cada vez.",1
Tão bom quanto quando eu o tinha mais de um ano atrás!,1
"Para um café autoproclamado, fiquei desapontado.",0
O prato vegetariano está fora deste mundo!,1
Você não pode dar errado com qualquer um dos alimentos aqui.,1
Você não pode vencer isso.,1
"Guerra da Independência parou por este lugar enquanto em Madison para o Ironman, muito amigável, equipe amável.",1
Os chefs foram simpáticos e fizeram um bom trabalho.,1
"Já me saí melhor, não apenas de locais dedicados para chá de boba, mas também de Jenni Pho.",0
Gostei do pátio e o serviço foi excelente.,1
O taco de cabra não economizou na carne e uau que SABOR!,1
Acho que não de novo,0
"Eu tinha a salada de mac e foi bastante branda, então eu não vou conseguir isso novamente.",0
Fui ao Bachi Burger por recomendação de um amigo e não fiquei desapontado.,1
Serviço fede aqui!,0
Eu esperei e esperei.,0
"Este lugar não é sushi de qualidade, não é um restaurante de qualidade.",0
"Eu recomendaria definitivamente as asas, bem como a pizza.",1
Ótima pizza e saladas!,1
Coisas que deram errado: - Eles queimaram o saganaki.,0
Esperamos uma hora pelo café da manhã que eu poderia ter feito 100 vezes melhor em casa.,0
Este lugar é incrível!,1
"Detesto discordar dos meus colegas Yelpers, mas eu e meu marido ficamos muito desapontados com esse lugar.",0
Esperei 2 horas e nunca recebi nenhuma das nossas pizzas como muitas outras ao nosso redor que vieram mais tarde!,0
Só não sei por que eles eram tão lentos.,0
"A equipe é ótima, a comida é ótima, e eles têm uma incrível seleção de cerveja.",1
"Eu moro no bairro, então estou decepcionado por não voltar aqui, porque é um local conveniente.",0
Eu não sabia que carne de porco desfiada poderia ser tããão deliciosa.,1
"Você obtém peixe incrivelmente fresco, preparado com cuidado.",1
"Antes de entrar no motivo pelo qual dei uma classificação de 1 estrela, saiba que esta foi a minha terceira vez em Bachi burger antes de escrever um comentário.",0
Eu amo o fato de que tudo no menu vale a pena.,1
Nunca mais vou jantar neste lugar!,0
A comida foi excelente e o serviço foi muito bom.,1
Boa cerveja e bebida seleção e boa comida seleção.,1
"Por favor, fique longe do camarão misture macarrão frito.",0
O pedido de batatas fritas foi triste ... eu provavelmente poderia contar quantas batatas fritas havia nessa caixa e provavelmente eram cerca de 12.,0
Comida era muito chata.,0
Bom serviço de verificação!,1
Esta corporação gananciosa NUNCA verá outro centavo de mim!,0
"Nunca, nunca voltaremos.",0
"Por mais que eu gostaria de voltar, não consigo passar pelo serviço atroz e nunca mais voltarei.",0
"No verão, você pode jantar em um encantador pátio externo - muito agradável.",1
Eu não esperava que isso fosse tão bom!,1
Comida fantástica!,1
Ela pediu um bolinho inglês torrado que saiu torrado.,0
A comida estava muito boa.,1
Nunca mais voltarei.,0
"Ótima comida pelo preço, que é de altíssima qualidade e feita em casa.",1
"O garoto do ônibus, por outro lado, era tão rude.",0
"A essa altura, meus amigos e eu basicamente descobrimos que este lugar era uma piada e não se importava em torná-lo público e em voz alta.",0
"De volta a um bom churrasco, pratos mais leves, preços razoáveis ??e diga ao público que eles estão de volta aos costumes antigos.",1
"E considerando que nós dois saímos de lá muito felizes por cerca de US $ 20, você simplesmente não pode dar errado.",1
Todo o pão é feito internamente!,1
A única desvantagem é o serviço.,0
"Além disso, as batatas fritas são sem dúvida as piores batatas fritas que já comi.",0
Serviço foi excepcional e comida foi uma boa como todos os comentários.,1
"Alguns meses depois, voltei e fiz uma refeição incrível.",1
Lugar favorito na cidade para shawarrrrrrma !!!!!!,1
O feijão preto e batata doce ... INCRÍVEL!,1
Você não ficará desapontado.,1
"Eles poderiam servir com apenas o vinagrete e isso pode resultar em um prato melhor, mas ainda assim é muito bom.",1
"Eu vou a muitos lugares e nunca vi nenhum restaurante que serve um café da manhã com 1 ovo, especialmente por US $ 4,00.",0
"Quando minha mãe e eu chegamos em casa, ela imediatamente ficou doente e só tinha algumas mordidas de salada.",0
Os servidores não são agradáveis ??de lidar e nem sempre respeitam os cupons da Pizza Hut.,0
"Ambos eram realmente incrivelmente bons, e estou tão feliz que voltamos.",1
Tivemos um serviço fantástico e ficamos satisfeitos com a atmosfera.,1
Tudo foi nojento.,0
Eu amo esse lugar.,1
Ótimo serviço e comida.,1
Primeiro - os banheiros neste local estavam sujos- As capas de assento não foram reabastecidas e simplesmente sujas !!!,0
"O hambúrguer ... recebi o ""Gold Standard"" um hambúrguer de US $ 17 e fiquei meio decepcionado.",0
"OMG, a comida era deliciosa!",1
Não há nada autêntico sobre este lugar.,0
o espaguete não é nada de especial.,0
"De todos os pratos, o salmão foi o melhor, mas todos foram ótimos.",1
Os legumes são tão frescos e o molho parece autêntico tailandês.,1
Vale a pena dirigir de Tucson!,1
A seleção foi provavelmente a pior que eu já vi em Las Vegas ..... não havia nenhuma.,0
Muito boa seleção de cerveja também.,1
"Este lugar é como Chipotle, mas MELHOR.",1
"Atmosfera elegante / acolhedora, diversão e aperitivos frescos, bifes suculentos (bife de beisebol !!!!!",1
5 estrelas para o aplicativo de pão de forno de tijolo!,1
"Eu comi aqui várias vezes, e cada vez que a comida era deliciosa.",1
Ficamos mais dez minutos e finalmente desistimos e saímos.,0
Ele foi terrível!,0
Todos são tratados de maneira igualmente especial.,1
Não deve demorar 30 minutos para panquecas e ovos.,0
Estava uma delícia!!!,1
"No lado bom, a equipe foi genuinamente agradável e entusiasta - um verdadeiro mimo.",1
"Infelizmente, o bife de Gordon Ramsey é um lugar que evitaremos muito durante nossa próxima viagem a Las Vegas.",0
"Como sempre, a noite foi maravilhosa e a comida deliciosa!",1
Melhor peixe que já tive na minha vida!,1
(O banheiro fica ao lado e muito agradável.),1
O buffet é pequeno e toda a comida que eles ofereceram foi BLAND.,0
Este é um pequeno restaurante excelente com algumas das melhores refeições que eu já provei.,1
"Muito legal, eu diria.",1
Definitivamente um desvio para mim e eu duvido que voltarei a menos que alguém esteja comprando.,0
O servidor fez um excelente trabalho ao lidar com a nossa grande tabela turbulenta.,1
"Acho que desperdiçar comida é desprezível, mas isso não era comida.",0
Minha esposa teve a sopa Bisque de lagosta que era morno.,0
Voltaria novamente se eu tivesse um desejo de sushi enquanto em Las Vegas.,1
"A equipe é ótima, o ambiente é ótimo.",1
Ele merece 5 estrelas.,1
Saí com uma dor de estômago e fiquei enjoado o resto do dia.,0
Caíram mais do que a bola.,0
"O espaço para refeições é minúsculo, mas elegantemente decorado e confortável.",1
"Eles personalizarão seu pedido da maneira que você preferir, o meu costume é berinjela com salteados de feijão verde, adorei!",1
E o feijão e o arroz eram medíocres na melhor das hipóteses.,0
Melhores tacos da cidade de longe !!,1
Peguei meu dinheiro de volta e saí de lá.,0
"Em uma parte interessante da cidade, este lugar é incrível.",1
RUDE E GESTÃO INCONSIDERADA.,0
"Os funcionários agora não são tão amigáveis, os tempos de espera para serem servidos são horríveis, ninguém diz oi pelos primeiros 10 minutos.",0
Eu não voltarei.,0
Eles têm ótimos jantares.,1
O serviço foi ofuscar & eu definitivamente recomendo o alabote.,1
A comida era terrível.,0
NUNCA VOLTARÁ E CONTARÁ MUITAS PESSOAS O QUE ACONTECEU.,0
"Eu não recomendo, a menos que seu carro quebre na frente dele e você esteja morrendo de fome.",0
Voltarei aqui toda vez que estiver em Las Vegas.,1
Este lugar merece uma estrela e 90% tem a ver com a comida.,0
Isso é uma vergonha.,0
Def voltará para a próxima vez,1
"Se você quer comida autêntica ou ética, experimente este lugar.",1
Vou continuar a vir aqui na noite das senhoras e noite dddd ... recomendo este lugar para quem está na área (;,1
"Estive aqui várias vezes no passado, e a experiência sempre foi ótima.",1
Fomos embora recheados e felizes com a nossa primeira experiência de buffet em Las Vegas.,1
"O serviço foi excelente e os preços são razoáveis, considerando que é Vegas e localizado dentro do shopping Crystals da Aria.",1
"Resumindo ... a comida era incrível, ou melhor, transcendente ... mas nada me traz alegria como a memória do dispensador de condimentos pneumático.",1
Eu sou provavelmente uma das poucas pessoas a ir para Ians e não gostar.,0
Pizza infantil é sempre um sucesso também com muitas ótimas opções de prato lateral para os pequenos!,1
O serviço é perfeito e a atmosfera familiar é agradável de ver.,1
Preparado com perfeição e o serviço foi impecável.,1
Este é simplesmente uma decepção.,0
"No geral, fiquei muito decepcionado com a qualidade da comida no Bouchon.",0
Não preciso ser contador para saber que estou sendo ferrado!,0
"Ótimo lugar para comer, me lembra a pequena mãe e lojas pop na área da baía de São Francisco.",1
Hoje foi o meu primeiro gosto de um cachorro-quente Buldogis Gourmet e tenho que lhe dizer que foi mais do que jamais pensei ser possível.,1
Deixou muito frustrado.,0
Definitivamente voltarei em breve.,1
A comida era muito boa e eu fiquei cheio rapidamente.,1
O serviço foi fantástico.,1
TOTAL DESPERDÍCIO DE TEMPO.,0
"Não sei de que tipo, mas eles têm o melhor chá gelado.",1
"Venha com fome, deixe feliz e recheado!",1
"Por serviço, não lhes dou estrelas.",0
Posso garantir que você não ficará desapontado.,1
"Eu posso tomar um pouco de serviço ruim, mas a comida é uma merda.",0
Desisti de tentar comer qualquer parte da crosta (dentes ainda doloridos).,0
Mas agora eu estava completamente enojada.,0
Eu realmente gostei de comer aqui.,1
"Primeira vez, mas acho que rapidamente me tornarei regular.",1
"O nosso servidor foi muito bom e, embora ele parecesse um pouco sobrecarregado com todas as nossas necessidades, ele permaneceu profissional e amigável até o fim.",1
"Pelo que meus companheiros de jantar me disseram ... tudo estava muito fresco, com textura e bom gosto.",1
"No chão, bem ao lado de nossa mesa, havia uma pilha grande, manchada, pisada e rastreada em todos os lugares de cocô de pássaro verde.",0
"Além disso, você nem consegue encontrar horas de operação no site!",0
"Tentamos gostar deste lugar, mas depois de mais de 10 vezes acho que terminamos com eles.",0
Que erro foi esse!,0
Não há queixas!,1
Esta é uma pizza muito boa e sou um especialista / especialista no assunto.,1
Garçom era um idiota.,0
"Greve 2, que quer ser apressado.",0
Estes são os proprietários mais agradáveis ??de restaurantes que eu já encontrei.,1
Eu nunca mais voltarei.,0
Nós amei o biscoitos !!!,1
O serviço é rápido e amigável.,1
Pedi um aperitivo e levou 40 minutos e depois a pizza mais 10 minutos.,0
Tão absolutamente fantástico.,1
"Era um enorme pedaço de vaca de 1,5 kg, que era 3/4 de cartilagem e gordura.",0
definitivamente voltarei aqui novamente.,1
Eu gosto do Steiners porque está escuro e parece um bar.,1
"Uau muito picante, mas delicioso.",1
"Se você não estiver familiarizado, confira.",1
Vou levar meus dólares para o jantar de negócios em outro lugar.,0
Eu adoraria voltar.,1
"De qualquer forma, este restaurante FS tem um maravilhoso café da manhã / almoço.",1
Nada especial.,0
Cada dia da semana eles têm um acordo diferente e é tudo tão delicioso!,1
"Sem mencionar a combinação de peras, amêndoas e bacon é um grande vencedor!",1
Não voltarei.,0
Molho foi sem gosto.,0
"A comida é deliciosa e apimentada o suficiente, por isso não deixe de pedir mais picante, se preferir.",1
Meu bife lombo cozido foi perfeitamente e tinha excelente sabor de mesquite.,1
Acho que não voltaremos tão cedo.,0
A comida era tão boa.,1
"Estou longe de ser um conhecedor de sushi, mas definitivamente posso dizer a diferença entre boa comida e comida ruim e isso certamente era comida ruim.",0
Eu estava tão insultado.,0
As últimas 3 vezes que almocei aqui foram ruins.,0
As asas de frango continham a carne de frango mais seca que eu já comi.,0
"A comida era muito boa e eu gostei cada bocado, um local descontraído agradável para casais pequenos grupos familiares etc.",1
Nargile - Eu acho você ótimo.,1
Melhores tater tots no sudoeste.,1
Nós amei o lugar.,1
Definitivamente não vale os US $ 3 que eu pago.,0
"O sorvete de baunilha era cremoso e suave, enquanto a massa de profiterole (choux) era fresca o suficiente.",1
Estou em AZ o tempo todo e agora tenho meu novo lugar.,1
O gerente foi o pior.,0
O interior é realmente muito agradável e muito limpo.,1
A comida foi excelente e os preços eram muito razoáveis.,1
Acho que não voltarei ao Carly's tão cedo para comer.,0
"Isso se deve ao fato de levarmos 20 minutos para serem reconhecidos, depois outros 35 minutos para conseguir nossa comida ... e eles continuavam esquecendo as coisas.",0
"Adorar o margaritas, também!",1
Este foi o meu primeiro e único buffet de Las Vegas e não decepcionou.,1
Muito bem!,1
A única nota baixa é que a ventilação pode usar alguma atualização.,0
Grande sanduíche de porco.,1
Não perca seu tempo aqui.,0
"Desapontamento total, eu prefiro ir à Camelback Flower Shop e ao Cartel Coffee.",0
"Terceiro, o queijo no hambúrguer do meu amigo estava frio.",0
Nós apreciamos sua pizza e brunch.,1
Os bifes são todos bem aparados e também perfeitamente preparados.,1
Tínhamos um grupo de mais de 70 anos quando alegamos que teríamos apenas 40 e eles nos trataram lindamente.,1
Eu amei!,1
Pedimos a conta para sair sem comer e eles não trouxeram isso também.,0
"Este lugar é uma jóia em Las Vegas, e exatamente o que eu espero encontrar em quase dez anos morando aqui.",1
"Frutos do mar eram limitados a camarão cozido e pernas de caranguejo, mas as pernas de caranguejo definitivamente não tinham um sabor fresco.",0
A seleção de alimentos não foi a melhor.,0
Delicioso e eu voltarei absolutamente!,1
"Este não é um pequeno restaurante familiar, é um estabelecimento requintado para refeições.",1
Eles tinham um toro tartare com uma cavadora extraordinária e eu gostei do wagyu em fatias finas com trufa branca.,1
Acho que não voltarei por muito tempo.,0
"Estava ligado a um posto de gasolina, e isso raramente é um bom sinal.",0
Quão incrível é isso.,1
Voltarei muitas vezes em breve.,1
O menu tinha tanta coisa boa que eu não pude decidir!,1
"Pior de tudo, ele humilhou seu trabalhador bem na minha frente ... Muitos nomes horríveis.",0
CONCLUSÃO: Refeições muito recheadas.,1
Suas especialidades diárias são sempre um sucesso com o meu grupo.,1
E então a tragédia aconteceu.,0
A panqueca também foi muito boa e bem grande.,1
"Esta foi a minha primeira experiência de lagostins, e foi delicioso!",1
O seu monstro frango frito bife e ovos é o meu favorito de todos os tempos.,1
